{
  "polygon_coords": [
    [
      37.600496,
      126.913548
    ],
    [
      37.599816,
      126.973801
    ],
    [
      37.520755,
      126.967621
    ],
    [
      37.545122,
      126.935349
    ],
    [
      37.558867,
      126.895351
    ],
    [
      37.573971,
      126.867371
    ]
  ],
  "grid_size_m": 50,
  "grid_count": 18207,
  "saved_at": "2026-03-31T02:44:36.925Z"
}