{
  "polygon_coords": [
    [
      37.588935,
      126.969509
    ],
    [
      37.588391,
      127.01045
    ],
    [
      37.564923,
      127.008219
    ],
    [
      37.566079,
      126.968994
    ]
  ],
  "grid_size_m": 50,
  "grid_count": 3567,
  "saved_at": "2026-03-31T01:39:57.532Z"
}